Protocollo;Gruppo;DataOraIncidente;Localizzazione1;STRADA1;Localizzazione2;STRADA2;Strada02;Chilometrica;DaSpecificare;NaturaIncidente;particolaritastrade;TipoStrada;FondoStradale;Pavimentazione;Segnaletica;CondizioneAtmosferica;Traffico;Visibilita;Illuminazione;NUM_FERITI;NUM_RISERVATA;NUM_MORTI;NUM_ILLESI;Longitudine;Latitudine;Confermato;Progressivo;TipoVeicolo;StatoVeicolo;TipoPersona;Sesso;Tipolesione;Deceduto;DecedutoDopo;CinturaCascoUtilizzato;Airbag
1738607;4;04/10/2007 20:15;Strada Urbana;VIA INCISA IN VAL D'ARNO;in prossimità;;del civico n. ;11;;Veicolo in marcia contro veicolo fermo;Rettilineo;Una carreggiata a doppio senso;Asciutto;Asfaltata;Verticale ed orizzontale;Sereno;Normale;Sufficiente;Sufficiente;2;0;0;2;;;-1;1;Autovettura privata;In marcia / fermata / arresto;Passeggero;M;Illeso;0;;Non accertato;Inesistente
1738607;4;04/10/2007 20:15;Strada Urbana;VIA INCISA IN VAL D'ARNO;in prossimità;;del civico n. ;11;;Veicolo in marcia contro veicolo fermo;Rettilineo;Una carreggiata a doppio senso;Asciutto;Asfaltata;Verticale ed orizzontale;Sereno;Normale;Sufficiente;Sufficiente;2;0;0;2;;;-1;2;Motociclo con passeggero;In marcia / fermata / arresto;Conducente;M;Rimandato;0;NON DECEDUTO;Non accertato;Inesistente
1738607;4;04/10/2007 20:15;Strada Urbana;VIA INCISA IN VAL D'ARNO;in prossimità;;del civico n. ;11;;Veicolo in marcia contro veicolo fermo;Rettilineo;Una carreggiata a doppio senso;Asciutto;Asfaltata;Verticale ed orizzontale;Sereno;Normale;Sufficiente;Sufficiente;2;0;0;2;;;-1;2;Motociclo con passeggero;In marcia / fermata / arresto;Passeggero;F;Rimandato;0;NON DECEDUTO;Non accertato;Inesistente
1738608;4;05/10/2007 07:20;Strada Urbana;VIA DELLE VIGNE NUOVE;da specificare;;;;alt. rampa Viadotto direz. Via Monte Cervialto;Scontro frontale/laterale DX fra veicoli in marcia;Rettilineo;Due carreggiate;Asciutto;Asfaltata;Verticale ed orizzontale;Sereno;Normale;Buona;Ore Diurne;1;0;0;2;;;-1;1;Autovettura privata;In marcia / fermata / arresto;Conducente;M;Illeso;0;;Non accertato;Inesistente
1738608;4;05/10/2007 07:20;Strada Urbana;VIA DELLE VIGNE NUOVE;da specificare;;;;alt. rampa Viadotto direz. Via Monte Cervialto;Scontro frontale/laterale DX fra veicoli in marcia;Rettilineo;Due carreggiate;Asciutto;Asfaltata;Verticale ed orizzontale;Sereno;Normale;Buona;Ore Diurne;1;0;0;2;;;-1;1;Autovettura privata;In marcia / fermata / arresto;Passeggero;M;Illeso;0;;Non accertato;Inesistente
1738608;4;05/10/2007 07:20;Strada Urbana;VIA DELLE VIGNE NUOVE;da specificare;;;;alt. rampa Viadotto direz. Via Monte Cervialto;Scontro frontale/laterale DX fra veicoli in marcia;Rettilineo;Due carreggiate;Asciutto;Asfaltata;Verticale ed orizzontale;Sereno;Normale;Buona;Ore Diurne;1;0;0;2;;;-1;2;Motociclo a solo;In marcia / fermata / arresto;Conducente;M;Rimandato;0;NON DECEDUTO;Non accertato;Inesistente
1738614;6;05/10/2007 09:00;Strada Urbana;VIA CASILINA;in corrispondenza;;del civico n. ;409;;Veicolo in marcia contro ostacolo accidentale;Rettilineo;Più di due carreggiate;Viscido da liquidi oleosi;Asfaltata;Assente;Sereno;Intenso;Buona;Ore Diurne;2;0;0;0;;;-1;1;Motociclo a solo;In marcia / fermata / arresto;Conducente;M;Rifiuta cure immediate;0;NON DECEDUTO;Non accertato;Inesistente
1738614;6;05/10/2007 09:00;Strada Urbana;VIA CASILINA;in corrispondenza;;del civico n. ;409;;Veicolo in marcia contro ostacolo accidentale;Rettilineo;Più di due carreggiate;Viscido da liquidi oleosi;Asfaltata;Assente;Sereno;Intenso;Buona;Ore Diurne;2;0;0;0;;;-1;2;Motociclo a solo;In marcia / fermata / arresto;Conducente;M;Rifiuta cure immediate;0;NON DECEDUTO;Non accertato;Inesistente
1738615;6;05/10/2007 09:35;Strada Urbana;VIA GABRIO SERBELLONI;all'intersezione con;VIA CIRO DA URBINO;VIA CIRO DA URBINO;;;Scontro laterale fra veicoli in marcia;Incrocio;Una carreggiata a senso unico di marcia;Asciutto;Asfaltata;Verticale ed orizzontale;Sereno;Normale;Buona;Ore Diurne;1;0;0;2;;;-1;1;Autovettura privata;In marcia / fermata / arresto;Conducente;M;Illeso;0;;Utilizzato;Inesploso
1738615;6;05/10/2007 09:35;Strada Urbana;VIA GABRIO SERBELLONI;all'intersezione con;VIA CIRO DA URBINO;VIA CIRO DA URBINO;;;Scontro laterale fra veicoli in marcia;Incrocio;Una carreggiata a senso unico di marcia;Asciutto;Asfaltata;Verticale ed orizzontale;Sereno;Normale;Buona;Ore Diurne;1;0;0;2;;;-1;1;Autovettura privata;In marcia / fermata / arresto;Passeggero;M;Illeso;0;;Non accertato;Inesploso
1738615;6;05/10/2007 09:35;Strada Urbana;VIA GABRIO SERBELLONI;all'intersezione con;VIA CIRO DA URBINO;VIA CIRO DA URBINO;;;Scontro laterale fra veicoli in marcia;Incrocio;Una carreggiata a senso unico di marcia;Asciutto;Asfaltata;Verticale ed orizzontale;Sereno;Normale;Buona;Ore Diurne;1;0;0;2;;;-1;2;Motociclo a solo;In marcia / fermata / arresto;Conducente;M;Ricoverato;0;NON DECEDUTO;Non accertato;Inesistente
1738616;6;05/10/2007 12:20;Strada Urbana;VIA PRENESTINA;da specificare;;;;civ. 445;Veicolo in marcia contro veicolo fermo;Rettilineo;Due carreggiate;Asciutto;Asfaltata;Assente;Sereno;Normale;Buona;Ore Diurne;0;0;0;3;;;-1;1;Autovettura privata;In marcia / fermata / arresto;Conducente;M;Illeso;0;;Non accertato;Inesploso
1738616;6;05/10/2007 12:20;Strada Urbana;VIA PRENESTINA;da specificare;;;;civ. 445;Veicolo in marcia contro veicolo fermo;Rettilineo;Due carreggiate;Asciutto;Asfaltata;Assente;Sereno;Normale;Buona;Ore Diurne;0;0;0;3;;;-1;1;Autovettura privata;In marcia / fermata / arresto;Passeggero;F;Illeso;0;;Non accertato;Inesploso
1738616;6;05/10/2007 12:20;Strada Urbana;VIA PRENESTINA;da specificare;;;;civ. 445;Veicolo in marcia contro veicolo fermo;Rettilineo;Due carreggiate;Asciutto;Asfaltata;Assente;Sereno;Normale;Buona;Ore Diurne;0;0;0;3;;;-1;2;Autovettura privata;In marcia / fermata / arresto;Conducente;M;Illeso;0;;Non accertato;Inesistente
1738617;8;05/10/2007 13:15;Statale entro l'abitato;VIA CASILINA;all'intersezione semaforizzata con;VIA ENRICO GIGLIOLI;VIA ENRICO GIGLIOLI;;;Scontro laterale fra veicoli in marcia;Intersezione semaforizzata;Una carreggiata a doppio senso;Asciutto;Asfaltata;Verticale ed orizzontale;Sereno;Intenso;Buona;Ore Diurne;0;0;0;1;;;-1;1;Autovettura privata;In marcia / fermata / arresto;Conducente;M;Illeso;0;;Non accertato;Inesistente
1738618;8;05/10/2007 15:45;Strada Urbana;VIALE DELLA SORBONA;all'intersezione con;VIALE OXFORD;VIALE OXFORD;;;Scontro laterale fra veicoli in marcia;Rotatoria;Una carreggiata a senso unico di marcia;Asciutto;Asfaltata;Verticale ed orizzontale;Sereno;Normale;Buona;Ore Diurne;0;0;0;3;;;-1;1;Autovettura privata;In marcia / fermata / arresto;Conducente;M;Illeso;0;;Non accertato;Inesploso
1738618;8;05/10/2007 15:45;Strada Urbana;VIALE DELLA SORBONA;all'intersezione con;VIALE OXFORD;VIALE OXFORD;;;Scontro laterale fra veicoli in marcia;Rotatoria;Una carreggiata a senso unico di marcia;Asciutto;Asfaltata;Verticale ed orizzontale;Sereno;Normale;Buona;Ore Diurne;0;0;0;3;;;-1;2;Autovettura privata;In marcia / fermata / arresto;Conducente;M;Illeso;0;;Non accertato;Inesploso
1738618;8;05/10/2007 15:45;Strada Urbana;VIALE DELLA SORBONA;all'intersezione con;VIALE OXFORD;VIALE OXFORD;;;Scontro laterale fra veicoli in marcia;Rotatoria;Una carreggiata a senso unico di marcia;Asciutto;Asfaltata;Verticale ed orizzontale;Sereno;Normale;Buona;Ore Diurne;0;0;0;3;;;-1;2;Autovettura privata;In marcia / fermata / arresto;Passeggero;M;Illeso;0;;Non accertato;Inesploso
1738619;8;05/10/2007 17:00;Strada Urbana;VIA DI TOR BELLA MONACA;in prossimità;;del civico n. ;79;;Tamponamento;Rettilineo;Una carreggiata a doppio senso;Asciutto;Asfaltata;Assente;Sereno;Normale;Buona;Ore Diurne;0;0;0;1;;;-1;1;Autovettura privata;In marcia / fermata / arresto;Conducente;M;Illeso;0;;Non accertato;Inesistente
1738620;10;05/10/2007 06:40;Strada Urbana;PIAZZA S. GIOVANNI BOSCO;all'intersezione con;VIALE MARCO FULVIO NOBILIORE;VIALE MARCO FULVIO NOBILIORE;;;Scontro frontale/laterale SX fra veicoli in marcia;Intersezione stradale segnalata;Una carreggiata a senso unico di marcia;Asciutto;Asfaltata;Verticale ed orizzontale;Sereno;Normale;Buona;Ore Diurne;0;0;0;2;;;-1;1;Autovettura privata;In marcia / fermata / arresto;Conducente;M;Illeso;0;;Non accertato;Inesistente
1738620;10;05/10/2007 06:40;Strada Urbana;PIAZZA S. GIOVANNI BOSCO;all'intersezione con;VIALE MARCO FULVIO NOBILIORE;VIALE MARCO FULVIO NOBILIORE;;;Scontro frontale/laterale SX fra veicoli in marcia;Intersezione stradale segnalata;Una carreggiata a senso unico di marcia;Asciutto;Asfaltata;Verticale ed orizzontale;Sereno;Normale;Buona;Ore Diurne;0;0;0;2;;;-1;2;Autovettura privata;In marcia / fermata / arresto;Conducente;M;Illeso;0;;Non accertato;Inesistente
1738621;10;05/10/2007 07:50;Strada Urbana;PIAZZA ETTORE VIOLA;in corrispondenza;;del palo luce n. ;3;;Scontro laterale fra veicoli in marcia;Curva a visuale libera;Una carreggiata a senso unico di marcia;Asciutto;Asfaltata;Verticale ed orizzontale;Sereno;Normale;Buona;Ore Diurne;0;0;0;4;;;-1;1;Autovettura privata;In marcia / fermata / arresto;Conducente;M;Illeso;0;;Non accertato;Inesistente
1738621;10;05/10/2007 07:50;Strada Urbana;PIAZZA ETTORE VIOLA;in corrispondenza;;del palo luce n. ;3;;Scontro laterale fra veicoli in marcia;Curva a visuale libera;Una carreggiata a senso unico di marcia;Asciutto;Asfaltata;Verticale ed orizzontale;Sereno;Normale;Buona;Ore Diurne;0;0;0;4;;;-1;1;Autovettura privata;In marcia / fermata / arresto;Passeggero;M;Illeso;0;;Non accertato;Inesistente
1738621;10;05/10/2007 07:50;Strada Urbana;PIAZZA ETTORE VIOLA;in corrispondenza;;del palo luce n. ;3;;Scontro laterale fra veicoli in marcia;Curva a visuale libera;Una carreggiata a senso unico di marcia;Asciutto;Asfaltata;Verticale ed orizzontale;Sereno;Normale;Buona;Ore Diurne;0;0;0;4;;;-1;2;Autovettura privata;In marcia / fermata / arresto;Conducente;M;Illeso;0;;Utilizzato;Inesistente
1738621;10;05/10/2007 07:50;Strada Urbana;PIAZZA ETTORE VIOLA;in corrispondenza;;del palo luce n. ;3;;Scontro laterale fra veicoli in marcia;Curva a visuale libera;Una carreggiata a senso unico di marcia;Asciutto;Asfaltata;Verticale ed orizzontale;Sereno;Normale;Buona;Ore Diurne;0;0;0;4;;;-1;2;Autovettura privata;In marcia / fermata / arresto;Passeggero;M;Illeso;0;;Non accertato;Inesistente
1738622;10;05/10/2007 08:10;Strada Urbana;VIA FRANCESCO GENTILE;in corrispondenza;;del civico n. ;120;;Scontro laterale fra veicoli in marcia;Rettilineo;Una carreggiata a senso unico di marcia;Asciutto;Asfaltata;Assente;Sereno;Normale;Buona;Ore Diurne;0;0;0;5;;;-1;1;Autovettura privata;In marcia / fermata / arresto;Conducente;F;Illeso;0;;Non accertato;Inesistente
1738622;10;05/10/2007 08:10;Strada Urbana;VIA FRANCESCO GENTILE;in corrispondenza;;del civico n. ;120;;Scontro laterale fra veicoli in marcia;Rettilineo;Una carreggiata a senso unico di marcia;Asciutto;Asfaltata;Assente;Sereno;Normale;Buona;Ore Diurne;0;0;0;5;;;-1;1;Autovettura privata;In marcia / fermata / arresto;Passeggero;F;Illeso;0;;Non accertato;Inesistente
1738622;10;05/10/2007 08:10;Strada Urbana;VIA FRANCESCO GENTILE;in corrispondenza;;del civico n. ;120;;Scontro laterale fra veicoli in marcia;Rettilineo;Una carreggiata a senso unico di marcia;Asciutto;Asfaltata;Assente;Sereno;Normale;Buona;Ore Diurne;0;0;0;5;;;-1;1;Autovettura privata;In marcia / fermata / arresto;Passeggero;M;Illeso;0;;Non accertato;Inesistente
1738622;10;05/10/2007 08:10;Strada Urbana;VIA FRANCESCO GENTILE;in corrispondenza;;del civico n. ;120;;Scontro laterale fra veicoli in marcia;Rettilineo;Una carreggiata a senso unico di marcia;Asciutto;Asfaltata;Assente;Sereno;Normale;Buona;Ore Diurne;0;0;0;5;;;-1;2;Autovettura privata;In marcia / fermata / arresto;Conducente;F;Illeso;0;;Utilizzato;Inesistente
1738622;10;05/10/2007 08:10;Strada Urbana;VIA FRANCESCO GENTILE;in corrispondenza;;del civico n. ;120;;Scontro laterale fra veicoli in marcia;Rettilineo;Una carreggiata a senso unico di marcia;Asciutto;Asfaltata;Assente;Sereno;Normale;Buona;Ore Diurne;0;0;0;5;;;-1;2;Autovettura privata;In marcia / fermata / arresto;Passeggero;F;Illeso;0;;Non accertato;Inesistente
1738623;10;05/10/2007 08:30;Strada Urbana;VIA DEI SETTE METRI;all'intersezione con;VIA DEL CASALE AGOSTINELLI;VIA DEL CASALE AGOSTINELLI;;;Scontro frontale/laterale DX fra veicoli in marcia;Incrocio;Una carreggiata a doppio senso;Asciutto;Asfaltata;Verticale ed orizzontale;Sereno;Normale;Buona;Ore Diurne;1;0;0;2;;;-1;1;Autovettura privata;In marcia / fermata / arresto;Conducente;F;Rifiuta cure immediate;0;NON DECEDUTO;Non accertato;Esploso
1738623;10;05/10/2007 08:30;Strada Urbana;VIA DEI SETTE METRI;all'intersezione con;VIA DEL CASALE AGOSTINELLI;VIA DEL CASALE AGOSTINELLI;;;Scontro frontale/laterale DX fra veicoli in marcia;Incrocio;Una carreggiata a doppio senso;Asciutto;Asfaltata;Verticale ed orizzontale;Sereno;Normale;Buona;Ore Diurne;1;0;0;2;;;-1;2;Autovettura privata;In marcia / fermata / arresto;Conducente;M;Illeso;0;;Non accertato;Inesploso
1738623;10;05/10/2007 08:30;Strada Urbana;VIA DEI SETTE METRI;all'intersezione con;VIA DEL CASALE AGOSTINELLI;VIA DEL CASALE AGOSTINELLI;;;Scontro frontale/laterale DX fra veicoli in marcia;Incrocio;Una carreggiata a doppio senso;Asciutto;Asfaltata;Verticale ed orizzontale;Sereno;Normale;Buona;Ore Diurne;1;0;0;2;;;-1;3;Autocarro superiore 35 q.;In marcia / fermata / arresto;Conducente;M;Illeso;0;;Non accertato;Inesploso
1738624;10;05/10/2007 09:25;Statale;VIA APPIA NUOVA;da specificare;;;;pross. G.R.A. dir. Albano;Scontro laterale fra veicoli in marcia;Rettilineo;Una carreggiata a senso unico di marcia;Asciutto;Asfaltata;Verticale ed orizzontale;Sereno;Intenso;Buona;Ore Diurne;0;0;0;1;;;-1;1;Autovettura privata;In marcia / fermata / arresto;Conducente;M;Illeso;0;;Non accertato;Inesistente
1738626;11;04/10/2007 01:30;Strada Urbana;VIA LAURENTINA;in prossimità;;del civico n. ;460;;Tamponamento;Rettilineo;Due carreggiate;Asciutto;Asfaltata;Verticale ed orizzontale;Sereno;Scarso;Buona;Sufficiente;1;0;0;1;;;-1;1;Autovettura privata;In marcia / fermata / arresto;Conducente;M;Illeso;0;;Utilizzato;Inesistente
1738626;11;04/10/2007 01:30;Strada Urbana;VIA LAURENTINA;in prossimità;;del civico n. ;460;;Tamponamento;Rettilineo;Due carreggiate;Asciutto;Asfaltata;Verticale ed orizzontale;Sereno;Scarso;Buona;Sufficiente;1;0;0;1;;;-1;2;Motociclo a solo;In marcia / fermata / arresto;Conducente;M;Ricoverato;0;NON DECEDUTO;Non accertato;Inesistente
1738627;12;04/10/2007 12:45;Strada Urbana;VIALE CAMILLO SABATINI;in prossimità;;del civico n. ;125;;Scontro frontale/laterale DX fra veicoli in marcia;Rettilineo;Una carreggiata a doppio senso;Asciutto;Asfaltata;Orizzontale;Sereno;Normale;Buona;Ore Diurne;0;0;0;2;;;-1;1;Autovettura privata;In marcia / fermata / arresto;Conducente;M;Illeso;0;;Utilizzato;Inesploso
1738627;12;04/10/2007 12:45;Strada Urbana;VIALE CAMILLO SABATINI;in prossimità;;del civico n. ;125;;Scontro frontale/laterale DX fra veicoli in marcia;Rettilineo;Una carreggiata a doppio senso;Asciutto;Asfaltata;Orizzontale;Sereno;Normale;Buona;Ore Diurne;0;0;0;2;;;-1;2;Motociclo a solo;In marcia / fermata / arresto;Conducente;M;Illeso;0;;Utilizzato;Inesistente
1738628;12;05/10/2007 07:45;Provinciale;VIA ARDEATINA;all'intersezione con;VIA ANTONIO CARRUCCIO;VIA ANTONIO CARRUCCIO;;;Scontro frontale/laterale DX fra veicoli in marcia;Incrocio;Una carreggiata a doppio senso;Asciutto;Asfaltata;Verticale ed orizzontale;Sereno;Intenso;Buona;Ore Diurne;0;0;0;2;;;-1;1;Autovettura privata;In marcia / fermata / arresto;Conducente;F;Illeso;0;;Utilizzato;Inesistente
1738628;12;05/10/2007 07:45;Provinciale;VIA ARDEATINA;all'intersezione con;VIA ANTONIO CARRUCCIO;VIA ANTONIO CARRUCCIO;;;Scontro frontale/laterale DX fra veicoli in marcia;Incrocio;Una carreggiata a doppio senso;Asciutto;Asfaltata;Verticale ed orizzontale;Sereno;Intenso;Buona;Ore Diurne;0;0;0;2;;;-1;2;Autovettura privata;In marcia / fermata / arresto;Conducente;M;Illeso;0;;Utilizzato;Inesploso
1738629;12;05/10/2007 08:45;Strada Urbana;VIALE DON PASQUINO BORGHI;in prossimità;;del civico n. ;196;;Infortunio per caduta del veicolo;Rettilineo;Due carreggiate;Asciutto;Strada pavimentata dissestata;Verticale ed orizzontale;Sereno;Normale;Buona;Ore Diurne;1;0;0;0;;;-1;1;Motociclo a solo;In marcia / fermata / arresto;Conducente;M;Rimandato;0;NON DECEDUTO;Utilizzato;Inesistente
1738630;12;05/10/2007 09:20;Strada Urbana;VIA DEI GENIERI;all'intersezione con;VIA DEI CADUTI DEL MONTE SERRA;VIA DEI CADUTI DEL MONTE SERRA;;;Scontro frontale/laterale SX fra veicoli in marcia;Incrocio;Una carreggiata a doppio senso;Asciutto;Asfaltata;Verticale ed orizzontale;Sereno;Normale;Buona;Ore Diurne;1;0;0;3;;;-1;1;Autovettura privata;In marcia / fermata / arresto;Conducente;M;Illeso;0;;Utilizzato;Inesistente
1738630;12;05/10/2007 09:20;Strada Urbana;VIA DEI GENIERI;all'intersezione con;VIA DEI CADUTI DEL MONTE SERRA;VIA DEI CADUTI DEL MONTE SERRA;;;Scontro frontale/laterale SX fra veicoli in marcia;Incrocio;Una carreggiata a doppio senso;Asciutto;Asfaltata;Verticale ed orizzontale;Sereno;Normale;Buona;Ore Diurne;1;0;0;3;;;-1;1;Autovettura privata;In marcia / fermata / arresto;Passeggero;F;Rimandato;0;NON DECEDUTO;Utilizzato;Inesistente
1738630;12;05/10/2007 09:20;Strada Urbana;VIA DEI GENIERI;all'intersezione con;VIA DEI CADUTI DEL MONTE SERRA;VIA DEI CADUTI DEL MONTE SERRA;;;Scontro frontale/laterale SX fra veicoli in marcia;Incrocio;Una carreggiata a doppio senso;Asciutto;Asfaltata;Verticale ed orizzontale;Sereno;Normale;Buona;Ore Diurne;1;0;0;3;;;-1;2;Autovettura privata;In marcia / fermata / arresto;Conducente;F;Illeso;0;;Utilizzato;Inesistente
1738630;12;05/10/2007 09:20;Strada Urbana;VIA DEI GENIERI;all'intersezione con;VIA DEI CADUTI DEL MONTE SERRA;VIA DEI CADUTI DEL MONTE SERRA;;;Scontro frontale/laterale SX fra veicoli in marcia;Incrocio;Una carreggiata a doppio senso;Asciutto;Asfaltata;Verticale ed orizzontale;Sereno;Normale;Buona;Ore Diurne;1;0;0;3;;;-1;2;Autovettura privata;In marcia / fermata / arresto;Passeggero;F;Illeso;0;;Utilizzato;Inesistente
1738631;12;05/10/2007 13:20;Strada Urbana;VIA CRISTOFORO COLOMBO;all'intersezione semaforizzata con;PIAZZALE DELLE NAZIONI UNITE;PIAZZALE DELLE NAZIONI UNITE;;;Tamponamento;Intersezione semaforizzata;Più di due carreggiate;Asciutto;Asfaltata;Verticale ed orizzontale;Sereno;Normale;Buona;Ore Diurne;0;0;0;4;;;-1;1;Autovettura privata;In marcia / fermata / arresto;Conducente;M;Illeso;0;;Utilizzato;Inesistente
1738631;12;05/10/2007 13:20;Strada Urbana;VIA CRISTOFORO COLOMBO;all'intersezione semaforizzata con;PIAZZALE DELLE NAZIONI UNITE;PIAZZALE DELLE NAZIONI UNITE;;;Tamponamento;Intersezione semaforizzata;Più di due carreggiate;Asciutto;Asfaltata;Verticale ed orizzontale;Sereno;Normale;Buona;Ore Diurne;0;0;0;4;;;-1;1;Autovettura privata;In marcia / fermata / arresto;Passeggero;F;Illeso;0;;Utilizzato;Inesistente
1738631;12;05/10/2007 13:20;Strada Urbana;VIA CRISTOFORO COLOMBO;all'intersezione semaforizzata con;PIAZZALE DELLE NAZIONI UNITE;PIAZZALE DELLE NAZIONI UNITE;;;Tamponamento;Intersezione semaforizzata;Più di due carreggiate;Asciutto;Asfaltata;Verticale ed orizzontale;Sereno;Normale;Buona;Ore Diurne;0;0;0;4;;;-1;2;Autovettura di polizia;In marcia / fermata / arresto;Conducente;M;Illeso;0;;Utilizzato;Inesploso
1738631;12;05/10/2007 13:20;Strada Urbana;VIA CRISTOFORO COLOMBO;all'intersezione semaforizzata con;PIAZZALE DELLE NAZIONI UNITE;PIAZZALE DELLE NAZIONI UNITE;;;Tamponamento;Intersezione semaforizzata;Più di due carreggiate;Asciutto;Asfaltata;Verticale ed orizzontale;Sereno;Normale;Buona;Ore Diurne;0;0;0;4;;;-1;3;Autocarro inferiore 35 q.;In marcia / fermata / arresto;Conducente;M;Illeso;0;;Utilizzato;Inesistente
1738632;12;05/10/2007 15:20;Strada Urbana;VIA DI DECIMA;da specificare;;;;in prossimità di via G. LO PRESTI;Ribaltamento senza urto contro ostacolo fisso;Rettilineo;Due carreggiate;Asciutto;Asfaltata;Verticale ed orizzontale;Sereno;Normale;Buona;Ore Diurne;1;0;0;0;;;-1;1;Motociclo a solo;In marcia / fermata / arresto;Conducente;M;Rimandato;0;NON DECEDUTO;Utilizzato;Inesistente
1738633;12;05/10/2007 15:30;Provinciale;VIA LAURENTINA;in prossimità;;della chilometrica ;17,2;;Tamponamento;Curva senza visuale libera;Una carreggiata a doppio senso;Asciutto;Asfaltata;Verticale ed orizzontale;Sereno;Normale;Buona;Ore Diurne;1;0;0;1;;;-1;1;Motociclo a solo;In marcia / fermata / arresto;Conducente;M;Rimandato;0;NON DECEDUTO;Utilizzato;Inesistente
1738633;12;05/10/2007 15:30;Provinciale;VIA LAURENTINA;in prossimità;;della chilometrica ;17,2;;Tamponamento;Curva senza visuale libera;Una carreggiata a doppio senso;Asciutto;Asfaltata;Verticale ed orizzontale;Sereno;Normale;Buona;Ore Diurne;1;0;0;1;;;-1;2;Autovettura privata;In marcia / fermata / arresto;Conducente;M;Illeso;0;;Utilizzato;Inesistente
1738634;12;05/10/2007 16:30;Strada Urbana;VIA DI TRIGORIA;in prossimità;;del civico n. ;45;;Scontro frontale/laterale DX fra veicoli in marcia;Rettilineo;Una carreggiata a doppio senso;Asciutto;Asfaltata;Verticale ed orizzontale;Sereno;Normale;Buona;Ore Diurne;1;0;0;1;;;-1;1;Autovettura privata;In marcia / fermata / arresto;Conducente;F;Illeso;0;;Utilizzato;Inesploso
1738634;12;05/10/2007 16:30;Strada Urbana;VIA DI TRIGORIA;in prossimità;;del civico n. ;45;;Scontro frontale/laterale DX fra veicoli in marcia;Rettilineo;Una carreggiata a doppio senso;Asciutto;Asfaltata;Verticale ed orizzontale;Sereno;Normale;Buona;Ore Diurne;1;0;0;1;;;-1;2;Motociclo a solo;In marcia / fermata / arresto;Conducente;M;Rimandato;0;NON DECEDUTO;Utilizzato;Inesistente
1738635;13;05/10/2007 10:00;Strada Urbana;VIA CARLO ANTI;in prossimità;;del civico n. ;26;;Scontro frontale/laterale DX fra veicoli in marcia;Rettilineo;Una carreggiata a doppio senso;Asciutto;Sterrata;Assente;Sereno;Scarso;Buona;Ore Diurne;0;0;0;2;;;-1;1;Autovettura privata;In marcia / fermata / arresto;Conducente;M;Illeso;0;;Non accertato;Inesploso
1738635;13;05/10/2007 10:00;Strada Urbana;VIA CARLO ANTI;in prossimità;;del civico n. ;26;;Scontro frontale/laterale DX fra veicoli in marcia;Rettilineo;Una carreggiata a doppio senso;Asciutto;Sterrata;Assente;Sereno;Scarso;Buona;Ore Diurne;0;0;0;2;;;-1;2;Autocarro inferiore 35 q.;In marcia / fermata / arresto;Conducente;M;Illeso;0;;Non accertato;Inesploso
1738636;13;05/10/2007 10:40;Strada Urbana;VIA GIUSEPPE FIORELLI;all'intersezione con;VIA CARLO BONUCCI;VIA CARLO BONUCCI;;;Scontro frontale fra veicoli in marcia;Incrocio;Una carreggiata a senso unico di marcia;Asciutto;Asfaltata;Verticale;Sereno;Scarso;Sufficiente;Ore Diurne;1;0;0;2;;;-1;1;Autovettura privata;In marcia / fermata / arresto;Conducente;M;Rimandato;0;NON DECEDUTO;Non accertato;Inesploso
1738636;13;05/10/2007 10:40;Strada Urbana;VIA GIUSEPPE FIORELLI;all'intersezione con;VIA CARLO BONUCCI;VIA CARLO BONUCCI;;;Scontro frontale fra veicoli in marcia;Incrocio;Una carreggiata a senso unico di marcia;Asciutto;Asfaltata;Verticale;Sereno;Scarso;Sufficiente;Ore Diurne;1;0;0;2;;;-1;2;Autovettura privata;In marcia / fermata / arresto;Conducente;M;Illeso;0;;Non accertato;Esploso
1738636;13;05/10/2007 10:40;Strada Urbana;VIA GIUSEPPE FIORELLI;all'intersezione con;VIA CARLO BONUCCI;VIA CARLO BONUCCI;;;Scontro frontale fra veicoli in marcia;Incrocio;Una carreggiata a senso unico di marcia;Asciutto;Asfaltata;Verticale;Sereno;Scarso;Sufficiente;Ore Diurne;1;0;0;2;;;-1;2;Autovettura privata;In marcia / fermata / arresto;Passeggero;M;Illeso;0;;Non accertato;Inesploso
1738637;13;05/10/2007 11:45;Strada Urbana;VIALE DEI ROMAGNOLI;all'intersezione con;VIA DI DRAGONCELLO;VIA DI DRAGONCELLO;;;Scontro frontale fra veicoli in marcia;Incrocio;Una carreggiata a doppio senso;Asciutto;Asfaltata;Verticale ed orizzontale;Sereno;Normale;Buona;Ore Diurne;1;0;0;2;;;-1;1;Autovettura privata;In marcia / fermata / arresto;Conducente;F;Illeso;0;;Non accertato;Inesploso
1738637;13;05/10/2007 11:45;Strada Urbana;VIALE DEI ROMAGNOLI;all'intersezione con;VIA DI DRAGONCELLO;VIA DI DRAGONCELLO;;;Scontro frontale fra veicoli in marcia;Incrocio;Una carreggiata a doppio senso;Asciutto;Asfaltata;Verticale ed orizzontale;Sereno;Normale;Buona;Ore Diurne;1;0;0;2;;;-1;2;Motociclo con passeggero;In marcia / fermata / arresto;Conducente;F;Rimandato;0;NON DECEDUTO;Non accertato;Inesploso