Protocollo;Gruppo;DataOraIncidente;Localizzazione1;STRADA1;Localizzazione2;STRADA2;Strada02;Chilometrica;DaSpecificare;NaturaIncidente;particolaritastrade;TipoStrada;FondoStradale;Pavimentazione;Segnaletica;CondizioneAtmosferica;Traffico;Visibilita;Illuminazione;NUM_FERITI;NUM_RISERVATA;NUM_MORTI;NUM_ILLESI;Longitudine;Latitudine;Confermato;Progressivo;TipoVeicolo;StatoVeicolo;TipoPersona;Sesso;Tipolesione;Deceduto;DecedutoDopo;CinturaCascoUtilizzato;Airbag
1740308;20;19/10/2007 06:00;Statale;VIA FLAMINIA;in prossimità;;del civico n. ;2173;;Scontro laterale fra veicoli in marcia;Curva a visuale libera;Una carreggiata a doppio senso;Asciutto;Asfaltata;Verticale ed orizzontale;Sereno;Normale;Buona;Ore Diurne;0;0;0;3;;;-1;1;Autocarro inferiore 35 q.;In marcia / fermata / arresto;Passeggero;M;Illeso;0;;Non accertato;Inesistente
1740308;20;19/10/2007 06:00;Statale;VIA FLAMINIA;in prossimità;;del civico n. ;2173;;Scontro laterale fra veicoli in marcia;Curva a visuale libera;Una carreggiata a doppio senso;Asciutto;Asfaltata;Verticale ed orizzontale;Sereno;Normale;Buona;Ore Diurne;0;0;0;3;;;-1;2;Autovettura privata;In marcia / fermata / arresto;Conducente;M;Illeso;0;;Non accertato;Inesistente
1740309;20;19/10/2007 08:30;Strada Urbana;VIA DEI DUE PONTI;da specificare;;;;a circa 800 mt da via Oriolo Romano dir. Flaminia;Veicolo in marcia contro ostacolo accidentale;Rettilineo;Una carreggiata a doppio senso;Viscido da liquidi oleosi;Asfaltata;Orizzontale;Sereno;Normale;Buona;Ore Diurne;1;0;0;0;;;-1;1;Motociclo a solo;In marcia / fermata / arresto;Conducente;M;Rifiuta cure immediate;0;NON DECEDUTO;Non accertato;Inesistente
1740310;20;19/10/2007 19:15;Strada Urbana;VIALE DI TOR DI QUINTO;da specificare;;;;dir. centro altezza mercato Ponte Milvio;Scontro laterale fra veicoli in marcia;Rettilineo;Una carreggiata a senso unico alternato;Asciutto;Asfaltata;Verticale ed orizzontale;Sereno;Normale;Buona;Sufficiente;0;0;0;2;;;-1;1;Autovettura privata;In marcia / fermata / arresto;Conducente;F;Illeso;0;;Utilizzato;Inesploso
1740310;20;19/10/2007 19:15;Strada Urbana;VIALE DI TOR DI QUINTO;da specificare;;;;dir. centro altezza mercato Ponte Milvio;Scontro laterale fra veicoli in marcia;Rettilineo;Una carreggiata a senso unico alternato;Asciutto;Asfaltata;Verticale ed orizzontale;Sereno;Normale;Buona;Sufficiente;0;0;0;2;;;-1;2;Autovettura privata;In marcia / fermata / arresto;Conducente;M;Illeso;0;;Utilizzato;Inesploso
1740311;20;19/10/2007 21:45;Strada Urbana;VIA DI BACCANELLO;all'intersezione con;VIA DEL PONTE DEGLI INCASTRI;VIA DEL PONTE DEGLI INCASTRI;;;Scontro frontale/laterale SX fra veicoli in marcia;Intersezione non regolata/non segnalata;Una carreggiata a doppio senso;Asciutto;Asfaltata;Verticale ed orizzontale;Sereno;Normale;Buona;Sufficiente;0;0;0;2;;;-1;1;Autovettura privata;In marcia / fermata / arresto;Conducente;F;Illeso;0;;Non accertato;Inesistente
1740311;20;19/10/2007 21:45;Strada Urbana;VIA DI BACCANELLO;all'intersezione con;VIA DEL PONTE DEGLI INCASTRI;VIA DEL PONTE DEGLI INCASTRI;;;Scontro frontale/laterale SX fra veicoli in marcia;Intersezione non regolata/non segnalata;Una carreggiata a doppio senso;Asciutto;Asfaltata;Verticale ed orizzontale;Sereno;Normale;Buona;Sufficiente;0;0;0;2;;;-1;2;Autovettura privata;In marcia / fermata / arresto;Conducente;F;Illeso;0;;Non accertato;Inesistente
1740312;20;20/10/2007 02:15;Strada Urbana;VIALE CORTINA D'AMPEZZO;in prossimità;;del civico n. ;1;;Veicolo in marcia contro ostacolo fisso;Curva senza visuale libera;Una carreggiata a doppio senso;Asciutto;Asfaltata;Verticale ed orizzontale;Sereno;Scarso;Sufficiente;Sufficiente;0;0;0;1;;;-1;1;Autovettura privata;In marcia / fermata / arresto;Conducente;M;Illeso;0;;Non accertato;Esploso
1740314;12;18/10/2007 22:00;Provinciale;VIA LAURENTINA;in prossimità;;del civico n. ;905;;Veicolo in marcia contro ostacolo fisso;Rettilineo;Una carreggiata a doppio senso;Asciutto;Asfaltata;Verticale ed orizzontale;Sereno;Scarso;Sufficiente;Ore Diurne;0;0;0;1;;;-1;1;Autovettura privata;In marcia / fermata / arresto;Conducente;F;Illeso;0;;Utilizzato;Inesistente
1740315;12;19/10/2007 10:00;Provinciale;VIA ARDEATINA;all'intersezione con;VIA DEI CASALI DI PORTA MEDAGLIA;VIA DEI CASALI DI PORTA MEDAGLIA;;;Scontro frontale/laterale SX fra veicoli in marcia;Incrocio;Una carreggiata a doppio senso;Asciutto;Asfaltata;Verticale;Sereno;Normale;Buona;Ore Diurne;1;0;0;1;;;-1;1;Autovettura privata;In marcia / fermata / arresto;Conducente;M;Illeso;0;;Utilizzato;Inesploso
1740315;12;19/10/2007 10:00;Provinciale;VIA ARDEATINA;all'intersezione con;VIA DEI CASALI DI PORTA MEDAGLIA;VIA DEI CASALI DI PORTA MEDAGLIA;;;Scontro frontale/laterale SX fra veicoli in marcia;Incrocio;Una carreggiata a doppio senso;Asciutto;Asfaltata;Verticale;Sereno;Normale;Buona;Ore Diurne;1;0;0;1;;;-1;2;Motociclo a solo;In marcia / fermata / arresto;Conducente;M;Rimandato;0;NON DECEDUTO;Utilizzato;Inesistente
1740317;12;19/10/2007 17:50;Strada Urbana;VIA DI TRIGORIA;all'intersezione con;PIAZZALE DINO VIOLA;PIAZZALE DINO VIOLA;;;Scontro frontale/laterale SX fra veicoli in marcia;Incrocio;Una carreggiata a doppio senso;Asciutto;Asfaltata;Orizzontale;Sereno;Normale;Buona;Ore Diurne;1;0;0;1;;;-1;1;Autovettura privata;In marcia / fermata / arresto;Conducente;M;Illeso;0;;Utilizzato;Inesistente
1740317;12;19/10/2007 17:50;Strada Urbana;VIA DI TRIGORIA;all'intersezione con;PIAZZALE DINO VIOLA;PIAZZALE DINO VIOLA;;;Scontro frontale/laterale SX fra veicoli in marcia;Incrocio;Una carreggiata a doppio senso;Asciutto;Asfaltata;Orizzontale;Sereno;Normale;Buona;Ore Diurne;1;0;0;1;;;-1;2;Motociclo a solo;In marcia / fermata / arresto;Conducente;M;Rimandato;0;NON DECEDUTO;Utilizzato;Inesistente
1740318;13;17/10/2007 17:00;Strada Urbana;VIALE DEI ROMAGNOLI;all'intersezione con;VIA CAPO DUE RAMI;VIA CAPO DUE RAMI;;;Scontro frontale/laterale SX fra veicoli in marcia;Incrocio;Una carreggiata a doppio senso;Asciutto;Asfaltata;Orizzontale;Sereno;Intenso;Buona;Ore Diurne;0;0;0;3;;;-1;1;Autovettura privata;In marcia / fermata / arresto;Conducente;M;Illeso;0;;Non accertato;Inesploso
1740318;13;17/10/2007 17:00;Strada Urbana;VIALE DEI ROMAGNOLI;all'intersezione con;VIA CAPO DUE RAMI;VIA CAPO DUE RAMI;;;Scontro frontale/laterale SX fra veicoli in marcia;Incrocio;Una carreggiata a doppio senso;Asciutto;Asfaltata;Orizzontale;Sereno;Intenso;Buona;Ore Diurne;0;0;0;3;;;-1;1;Autovettura privata;In marcia / fermata / arresto;Passeggero;M;Illeso;0;;Non accertato;Inesploso
1740318;13;17/10/2007 17:00;Strada Urbana;VIALE DEI ROMAGNOLI;all'intersezione con;VIA CAPO DUE RAMI;VIA CAPO DUE RAMI;;;Scontro frontale/laterale SX fra veicoli in marcia;Incrocio;Una carreggiata a doppio senso;Asciutto;Asfaltata;Orizzontale;Sereno;Intenso;Buona;Ore Diurne;0;0;0;3;;;-1;2;Autovettura privata;In marcia / fermata / arresto;Conducente;M;Illeso;0;;Non accertato;Inesistente
1740319;13;19/10/2007 15:30;Strada Urbana;VIA MADRE COLOMBA GABRIEL;all'intersezione con;VIA MARIA THEODOLI;VIA MARIA THEODOLI;;;Scontro frontale/laterale SX fra veicoli in marcia;Incrocio;Due carreggiate;Asciutto;Asfaltata;Orizzontale;Sereno;Normale;Buona;Ore Diurne;1;0;0;1;;;-1;1;Autovettura privata;In marcia / fermata / arresto;Conducente;M;Rimandato;0;NON DECEDUTO;Non accertato;Inesistente
1740319;13;19/10/2007 15:30;Strada Urbana;VIA MADRE COLOMBA GABRIEL;all'intersezione con;VIA MARIA THEODOLI;VIA MARIA THEODOLI;;;Scontro frontale/laterale SX fra veicoli in marcia;Incrocio;Due carreggiate;Asciutto;Asfaltata;Orizzontale;Sereno;Normale;Buona;Ore Diurne;1;0;0;1;;;-1;2;Autovettura privata;In marcia / fermata / arresto;Conducente;M;Illeso;0;;Non accertato;Inesistente
1740320;13;19/10/2007 17:40;Strada Urbana;VIA PINDARO;all'intersezione semaforizzata con;VIA SENOFANE;VIA SENOFANE;;;Scontro frontale fra veicoli in marcia;Intersezione semaforizzata;Una carreggiata a doppio senso;Asciutto;Asfaltata;Verticale ed orizzontale;Sereno;Normale;Buona;Ore Diurne;1;0;0;1;;;-1;1;Autovettura privata;In marcia / fermata / arresto;Conducente;F;Illeso;0;;Non accertato;Inesistente
1740320;13;19/10/2007 17:40;Strada Urbana;VIA PINDARO;all'intersezione semaforizzata con;VIA SENOFANE;VIA SENOFANE;;;Scontro frontale fra veicoli in marcia;Intersezione semaforizzata;Una carreggiata a doppio senso;Asciutto;Asfaltata;Verticale ed orizzontale;Sereno;Normale;Buona;Ore Diurne;1;0;0;1;;;-1;2;Motociclo a solo;In marcia / fermata / arresto;Conducente;M;Rifiuta cure immediate;0;NON DECEDUTO;Non accertato;Inesistente
1740321;15;18/10/2007 12:30;Strada Urbana;VIA ANTONIO GARBASSO;all'intersezione con;VIA GIOVANNI ALDINI;VIA GIOVANNI ALDINI;;;Scontro frontale/laterale DX fra veicoli in marcia;Incrocio;Una carreggiata a senso unico di marcia;Asciutto;Asfaltata;Verticale;Nuvoloso;Normale;Buona;Ore Diurne;1;0;0;3;;;-1;1;Autovettura privata;In marcia / fermata / arresto;Conducente;M;Illeso;0;;Utilizzato;Inesistente
1740321;15;18/10/2007 12:30;Strada Urbana;VIA ANTONIO GARBASSO;all'intersezione con;VIA GIOVANNI ALDINI;VIA GIOVANNI ALDINI;;;Scontro frontale/laterale DX fra veicoli in marcia;Incrocio;Una carreggiata a senso unico di marcia;Asciutto;Asfaltata;Verticale;Nuvoloso;Normale;Buona;Ore Diurne;1;0;0;3;;;-1;1;Autovettura privata;In marcia / fermata / arresto;Passeggero;F;Illeso;0;;Utilizzato;Inesistente
1740321;15;18/10/2007 12:30;Strada Urbana;VIA ANTONIO GARBASSO;all'intersezione con;VIA GIOVANNI ALDINI;VIA GIOVANNI ALDINI;;;Scontro frontale/laterale DX fra veicoli in marcia;Incrocio;Una carreggiata a senso unico di marcia;Asciutto;Asfaltata;Verticale;Nuvoloso;Normale;Buona;Ore Diurne;1;0;0;3;;;-1;2;Autovettura privata;In marcia / fermata / arresto;Conducente;M;Illeso;0;;Utilizzato;Inesistente
1740321;15;18/10/2007 12:30;Strada Urbana;VIA ANTONIO GARBASSO;all'intersezione con;VIA GIOVANNI ALDINI;VIA GIOVANNI ALDINI;;;Scontro frontale/laterale DX fra veicoli in marcia;Incrocio;Una carreggiata a senso unico di marcia;Asciutto;Asfaltata;Verticale;Nuvoloso;Normale;Buona;Ore Diurne;1;0;0;3;;;-1;2;Autovettura privata;In marcia / fermata / arresto;Passeggero;F;Rimandato;0;NON DECEDUTO;Utilizzato;Inesistente
1740322;15;19/10/2007 11:45;Strada Urbana;VIA QUIRINO MAJORANA;in prossimità;;del civico n. ;110;;Scontro frontale/laterale SX fra veicoli in marcia;Rettilineo;Due carreggiate;Asciutto;Asfaltata;Orizzontale;Sereno;Intenso;Buona;Ore Diurne;1;0;0;1;;;-1;1;Autovettura privata;In marcia / fermata / arresto;Conducente;M;Illeso;0;;Non accertato;Inesploso
1740322;15;19/10/2007 11:45;Strada Urbana;VIA QUIRINO MAJORANA;in prossimità;;del civico n. ;110;;Scontro frontale/laterale SX fra veicoli in marcia;Rettilineo;Due carreggiate;Asciutto;Asfaltata;Orizzontale;Sereno;Intenso;Buona;Ore Diurne;1;0;0;1;;;-1;2;Motociclo a solo;In marcia / fermata / arresto;Conducente;M;Rimandato;0;NON DECEDUTO;Utilizzato;Inesistente
1740323;15;19/10/2007 13:10;Strada Urbana;VIALE GUGLIELMO MARCONI;all'intersezione semaforizzata con;VIA PIETRO BLASERNA;VIA PIETRO BLASERNA;;;Scontro frontale/laterale SX fra veicoli in marcia;Intersezione semaforizzata;Due carreggiate;Asciutto;Asfaltata;Verticale ed orizzontale;Sereno;Normale;Buona;Ore Diurne;1;0;0;1;;;-1;1;Autovettura privata;In marcia / fermata / arresto;Conducente;M;Rimandato;0;NON DECEDUTO;Utilizzato;Inesistente
1740323;15;19/10/2007 13:10;Strada Urbana;VIALE GUGLIELMO MARCONI;all'intersezione semaforizzata con;VIA PIETRO BLASERNA;VIA PIETRO BLASERNA;;;Scontro frontale/laterale SX fra veicoli in marcia;Intersezione semaforizzata;Due carreggiate;Asciutto;Asfaltata;Verticale ed orizzontale;Sereno;Normale;Buona;Ore Diurne;1;0;0;1;;;-1;2;Autovettura privata;In marcia / fermata / arresto;Conducente;F;Illeso;0;;Utilizzato;Inesistente
1740324;15;19/10/2007 13:30;Strada Urbana;VIA PIAN DUE TORRI;all'intersezione con;VIA SAN CASCIANO DEI BAGNI;VIA SAN CASCIANO DEI BAGNI;;;Scontro frontale fra veicoli in marcia;Incrocio;Una carreggiata a doppio senso;Asciutto;Asfaltata;Verticale;Sereno;Normale;Buona;Ore Diurne;1;0;0;1;;;-1;1;Autovettura privata;In marcia / fermata / arresto;Conducente;M;Illeso;0;;Utilizzato;Inesistente
1740324;15;19/10/2007 13:30;Strada Urbana;VIA PIAN DUE TORRI;all'intersezione con;VIA SAN CASCIANO DEI BAGNI;VIA SAN CASCIANO DEI BAGNI;;;Scontro frontale fra veicoli in marcia;Incrocio;Una carreggiata a doppio senso;Asciutto;Asfaltata;Verticale;Sereno;Normale;Buona;Ore Diurne;1;0;0;1;;;-1;2;Motociclo a solo;In marcia / fermata / arresto;Conducente;M;Rimandato;0;NON DECEDUTO;Utilizzato;Inesistente
1740325;15;19/10/2007 15:30;Strada Urbana;VIA PORTUENSE;da specificare;;;;fronte Via Troiani;Scontro frontale/laterale SX fra veicoli in marcia;Rettilineo;Una carreggiata a doppio senso;Asciutto;Asfaltata;Orizzontale;Sereno;Normale;Buona;Ore Diurne;0;0;0;3;;;-1;1;Autovettura privata;In marcia / fermata / arresto;Conducente;F;Illeso;0;;Utilizzato;Inesistente
1740325;15;19/10/2007 15:30;Strada Urbana;VIA PORTUENSE;da specificare;;;;fronte Via Troiani;Scontro frontale/laterale SX fra veicoli in marcia;Rettilineo;Una carreggiata a doppio senso;Asciutto;Asfaltata;Orizzontale;Sereno;Normale;Buona;Ore Diurne;0;0;0;3;;;-1;2;Autovettura privata;In marcia / fermata / arresto;Conducente;M;Illeso;0;;Utilizzato;Inesistente
1740325;15;19/10/2007 15:30;Strada Urbana;VIA PORTUENSE;da specificare;;;;fronte Via Troiani;Scontro frontale/laterale SX fra veicoli in marcia;Rettilineo;Una carreggiata a doppio senso;Asciutto;Asfaltata;Orizzontale;Sereno;Normale;Buona;Ore Diurne;0;0;0;3;;;-1;2;Autovettura privata;In marcia / fermata / arresto;Passeggero;F;Illeso;0;;Utilizzato;Inesistente
1740326;15;19/10/2007 17:30;Strada Urbana;PIAZZA AUGUSTO RIGHI;all'intersezione semaforizzata con;VIALE GUGLIELMO MARCONI;VIALE GUGLIELMO MARCONI;;;Scontro laterale fra veicoli in marcia;Rotatoria;Una carreggiata a doppio senso;Asciutto;Asfaltata;Orizzontale;Sereno;Intenso;Buona;Ore Diurne;1;0;0;2;;;-1;1;Motociclo a solo;In marcia / fermata / arresto;Conducente;F;Rimandato;0;NON DECEDUTO;Utilizzato;Inesistente
1740326;15;19/10/2007 17:30;Strada Urbana;PIAZZA AUGUSTO RIGHI;all'intersezione semaforizzata con;VIALE GUGLIELMO MARCONI;VIALE GUGLIELMO MARCONI;;;Scontro laterale fra veicoli in marcia;Rotatoria;Una carreggiata a doppio senso;Asciutto;Asfaltata;Orizzontale;Sereno;Intenso;Buona;Ore Diurne;1;0;0;2;;;-1;2;Autocarro inferiore 35 q.;In marcia / fermata / arresto;Conducente;M;Illeso;0;;Non accertato;Inesistente
1740326;15;19/10/2007 17:30;Strada Urbana;PIAZZA AUGUSTO RIGHI;all'intersezione semaforizzata con;VIALE GUGLIELMO MARCONI;VIALE GUGLIELMO MARCONI;;;Scontro laterale fra veicoli in marcia;Rotatoria;Una carreggiata a doppio senso;Asciutto;Asfaltata;Orizzontale;Sereno;Intenso;Buona;Ore Diurne;1;0;0;2;;;-1;2;Autocarro inferiore 35 q.;In marcia / fermata / arresto;Passeggero;M;Illeso;0;;Non accertato;Inesistente
1740328;15;20/10/2007 00:10;Strada Urbana;VIA DEGLI IRLANDESI;in prossimità;;del civico n. ;9;;Veicolo in marcia contro veicolo fermo;Rettilineo;Una carreggiata a senso unico alternato;Asciutto;Asfaltata;Verticale;Sereno;Scarso;Buona;Sufficiente;0;0;0;4;;;-1;1;Autovettura privata;In marcia / fermata / arresto;Conducente;M;Illeso;0;;Non accertato;Inesistente
1740328;15;20/10/2007 00:10;Strada Urbana;VIA DEGLI IRLANDESI;in prossimità;;del civico n. ;9;;Veicolo in marcia contro veicolo fermo;Rettilineo;Una carreggiata a senso unico alternato;Asciutto;Asfaltata;Verticale;Sereno;Scarso;Buona;Sufficiente;0;0;0;4;;;-1;1;Autovettura privata;In marcia / fermata / arresto;Passeggero;M;Illeso;0;;Utilizzato;Inesistente
1740328;15;20/10/2007 00:10;Strada Urbana;VIA DEGLI IRLANDESI;in prossimità;;del civico n. ;9;;Veicolo in marcia contro veicolo fermo;Rettilineo;Una carreggiata a senso unico alternato;Asciutto;Asfaltata;Verticale;Sereno;Scarso;Buona;Sufficiente;0;0;0;4;;;-1;2;Autovettura privata;In marcia / fermata / arresto;Conducente;M;Illeso;0;;Non accertato;Inesistente
1740328;15;20/10/2007 00:10;Strada Urbana;VIA DEGLI IRLANDESI;in prossimità;;del civico n. ;9;;Veicolo in marcia contro veicolo fermo;Rettilineo;Una carreggiata a senso unico alternato;Asciutto;Asfaltata;Verticale;Sereno;Scarso;Buona;Sufficiente;0;0;0;4;;;-1;2;Autovettura privata;In marcia / fermata / arresto;Passeggero;F;Illeso;0;;Non accertato;Inesistente
1740329;16;09/10/2007 16:20;Strada Urbana;VIA FRANCESCO DURANTE;all'intersezione con;VIA ROBERTO ALESSANDRI;VIA ROBERTO ALESSANDRI;;;Scontro frontale/laterale SX fra veicoli in marcia;Intersezione stradale segnalata;Una carreggiata a doppio senso;Asciutto;Asfaltata;Verticale ed orizzontale;Sereno;Normale;Buona;Ore Diurne;1;0;0;1;;;-1;1;Autovettura privata;In marcia / fermata / arresto;Conducente;F;Illeso;0;;Non accertato;Inesistente
1740329;16;09/10/2007 16:20;Strada Urbana;VIA FRANCESCO DURANTE;all'intersezione con;VIA ROBERTO ALESSANDRI;VIA ROBERTO ALESSANDRI;;;Scontro frontale/laterale SX fra veicoli in marcia;Intersezione stradale segnalata;Una carreggiata a doppio senso;Asciutto;Asfaltata;Verticale ed orizzontale;Sereno;Normale;Buona;Ore Diurne;1;0;0;1;;;-1;2;Ciclomotore;In marcia / fermata / arresto;Conducente;F;Rimandato;0;NON DECEDUTO;Non accertato;Inesistente
1740348;18;19/10/2007 12:20;Strada Urbana;VIA AGOSTINO RICHELMY;in corrispondenza;;del civico n. ;19;;Scontro frontale/laterale SX fra veicoli in marcia;Pendenza;Una carreggiata a doppio senso;Asciutto;Asfaltata;Verticale;Sereno;Normale;Buona;Ore Diurne;1;0;0;2;;;-1;1;Autovettura privata;In marcia / fermata / arresto;Conducente;M;Illeso;0;;Utilizzato;Inesploso
1740348;18;19/10/2007 12:20;Strada Urbana;VIA AGOSTINO RICHELMY;in corrispondenza;;del civico n. ;19;;Scontro frontale/laterale SX fra veicoli in marcia;Pendenza;Una carreggiata a doppio senso;Asciutto;Asfaltata;Verticale;Sereno;Normale;Buona;Ore Diurne;1;0;0;2;;;-1;1;Autovettura privata;In marcia / fermata / arresto;Passeggero;F;Illeso;0;;Non accertato;Inesistente
1740348;18;19/10/2007 12:20;Strada Urbana;VIA AGOSTINO RICHELMY;in corrispondenza;;del civico n. ;19;;Scontro frontale/laterale SX fra veicoli in marcia;Pendenza;Una carreggiata a doppio senso;Asciutto;Asfaltata;Verticale;Sereno;Normale;Buona;Ore Diurne;1;0;0;2;;;-1;2;Motociclo a solo;In marcia / fermata / arresto;Conducente;M;Rimandato;0;NON DECEDUTO;Non accertato;Inesistente
1740349;18;19/10/2007 13:30;Strada Urbana;VIA MATTIA BATTISTINI;all'intersezione con;VIA CARDINALE MASSIMI;VIA CARDINALE MASSIMI;;;Scontro frontale fra veicoli in marcia;Intersezione stradale segnalata;Una carreggiata a doppio senso;Asciutto;Asfaltata;Verticale ed orizzontale;Sereno;Normale;Buona;Ore Diurne;1;0;0;1;;;-1;1;Autovettura privata;In marcia / fermata / arresto;Conducente;F;Illeso;0;;Non accertato;Inesploso
1740349;18;19/10/2007 13:30;Strada Urbana;VIA MATTIA BATTISTINI;all'intersezione con;VIA CARDINALE MASSIMI;VIA CARDINALE MASSIMI;;;Scontro frontale fra veicoli in marcia;Intersezione stradale segnalata;Una carreggiata a doppio senso;Asciutto;Asfaltata;Verticale ed orizzontale;Sereno;Normale;Buona;Ore Diurne;1;0;0;1;;;-1;2;Motociclo a solo;In marcia / fermata / arresto;Conducente;M;Ricoverato;0;NON DECEDUTO;Non accertato;Inesistente
1740350;18;19/10/2007 14:40;Statale;VIA AURELIA;da specificare;;;;direzione Roma Centro rampa direzione Cesano;Scontro frontale fra veicoli in marcia;Curva senza visuale libera;Una carreggiata a senso unico di marcia;Asciutto;Asfaltata;Verticale ed orizzontale;Sereno;Scarso;Buona;Ore Diurne;2;0;0;0;;;-1;1;Autovettura privata;In marcia / fermata / arresto;Conducente;M;Ricoverato;0;NON DECEDUTO;Non accertato;Esploso
1740350;18;19/10/2007 14:40;Statale;VIA AURELIA;da specificare;;;;direzione Roma Centro rampa direzione Cesano;Scontro frontale fra veicoli in marcia;Curva senza visuale libera;Una carreggiata a senso unico di marcia;Asciutto;Asfaltata;Verticale ed orizzontale;Sereno;Scarso;Buona;Ore Diurne;2;0;0;0;;;-1;2;Autovettura privata;In marcia / fermata / arresto;Conducente;M;Rimandato;0;NON DECEDUTO;Non accertato;Esploso
1740351;18;19/10/2007 19:45;Strada Urbana;VIA DEL CASALE DI S. PIO V;in prossimità;;del civico n. ;51;;Scontro frontale fra veicoli in marcia;Rettilineo;Una carreggiata a doppio senso;Asciutto;Asfaltata;Verticale ed orizzontale;Sereno;Intenso;Sufficiente;Sufficiente;2;0;0;0;;;-1;1;Motociclo a solo;In marcia / fermata / arresto;Conducente;F;Rimandato;0;NON DECEDUTO;Utilizzato;Inesistente
1740351;18;19/10/2007 19:45;Strada Urbana;VIA DEL CASALE DI S. PIO V;in prossimità;;del civico n. ;51;;Scontro frontale fra veicoli in marcia;Rettilineo;Una carreggiata a doppio senso;Asciutto;Asfaltata;Verticale ed orizzontale;Sereno;Intenso;Sufficiente;Sufficiente;2;0;0;0;;;-1;2;Ciclomotore;In marcia / fermata / arresto;Conducente;F;Rimandato;0;NON DECEDUTO;Non accertato;Inesistente
1740352;19;19/10/2007 06:30;Strada Urbana;VIA DI CASAL DEL MARMO;in corrispondenza;;del civico n. ;442;;Investimento di pedone;Rettilineo;Una carreggiata a doppio senso;Asciutto;Asfaltata;Orizzontale;Sereno;Scarso;Insufficiente;Insufficiente;1;0;0;1;;;-1;;;;Pedone;F;Rimandato;0;NON DECEDUTO;;
1740352;19;19/10/2007 06:30;Strada Urbana;VIA DI CASAL DEL MARMO;in corrispondenza;;del civico n. ;442;;Investimento di pedone;Rettilineo;Una carreggiata a doppio senso;Asciutto;Asfaltata;Orizzontale;Sereno;Scarso;Insufficiente;Insufficiente;1;0;0;1;;;-1;1;Autovettura privata;In marcia / fermata / arresto;Conducente;M;Illeso;0;;Utilizzato;Inesistente
1740353;19;19/10/2007 16:40;Strada Urbana;VIA DELLA PINETA SACCHETTI;all'intersezione semaforizzata con;VIA FRANCESCO MARCONI;VIA FRANCESCO MARCONI;;;Scontro frontale/laterale SX fra veicoli in marcia;Incrocio;Una carreggiata a senso unico di marcia;Asciutto;Asfaltata;Verticale ed orizzontale;Sereno;Intenso;Buona;Ore Diurne;1;0;0;1;;;-1;1;Autovettura privata;In marcia / fermata / arresto;Conducente;F;Illeso;0;;Non accertato;Inesistente
1740353;19;19/10/2007 16:40;Strada Urbana;VIA DELLA PINETA SACCHETTI;all'intersezione semaforizzata con;VIA FRANCESCO MARCONI;VIA FRANCESCO MARCONI;;;Scontro frontale/laterale SX fra veicoli in marcia;Incrocio;Una carreggiata a senso unico di marcia;Asciutto;Asfaltata;Verticale ed orizzontale;Sereno;Intenso;Buona;Ore Diurne;1;0;0;1;;;-1;2;Motociclo a solo;In marcia / fermata / arresto;Conducente;F;Rimandato;0;NON DECEDUTO;Utilizzato;Inesistente
1740354;19;19/10/2007 16:40;Strada Urbana;VIA DELLA STORTA;in corrispondenza;;del civico n. ;169;;Scontro frontale/laterale SX fra veicoli in marcia;Rettilineo;Una carreggiata a doppio senso;Asciutto;Asfaltata;Orizzontale;Sereno;Normale;Buona;Ore Diurne;2;0;0;1;;;-1;1;Motociclo con passeggero;In marcia / fermata / arresto;Conducente;M;Rimandato;0;NON DECEDUTO;Utilizzato;Inesistente
1740354;19;19/10/2007 16:40;Strada Urbana;VIA DELLA STORTA;in corrispondenza;;del civico n. ;169;;Scontro frontale/laterale SX fra veicoli in marcia;Rettilineo;Una carreggiata a doppio senso;Asciutto;Asfaltata;Orizzontale;Sereno;Normale;Buona;Ore Diurne;2;0;0;1;;;-1;1;Motociclo con passeggero;In marcia / fermata / arresto;Passeggero;M;Rimandato;0;NON DECEDUTO;Non accertato;Inesistente
1740354;19;19/10/2007 16:40;Strada Urbana;VIA DELLA STORTA;in corrispondenza;;del civico n. ;169;;Scontro frontale/laterale SX fra veicoli in marcia;Rettilineo;Una carreggiata a doppio senso;Asciutto;Asfaltata;Orizzontale;Sereno;Normale;Buona;Ore Diurne;2;0;0;1;;;-1;2;Autovettura privata;In marcia / fermata / arresto;Conducente;M;Illeso;0;;Utilizzato;Inesistente
1740355;19;19/10/2007 21:15;Strada Urbana;VIA VINCENZO TOMASSINI;all'intersezione con;VIA AUGUSTO TEBALDI;VIA AUGUSTO TEBALDI;;;Scontro frontale/laterale DX fra veicoli in marcia;Incrocio;Una carreggiata a senso unico di marcia;Asciutto;Asfaltata;Verticale;Sereno;Scarso;Sufficiente;Sufficiente;1;0;0;3;;;-1;1;Autovettura privata;In marcia / fermata / arresto;Conducente;F;Illeso;0;;Utilizzato;Inesistente
1740355;19;19/10/2007 21:15;Strada Urbana;VIA VINCENZO TOMASSINI;all'intersezione con;VIA AUGUSTO TEBALDI;VIA AUGUSTO TEBALDI;;;Scontro frontale/laterale DX fra veicoli in marcia;Incrocio;Una carreggiata a senso unico di marcia;Asciutto;Asfaltata;Verticale;Sereno;Scarso;Sufficiente;Sufficiente;1;0;0;3;;;-1;1;Autovettura privata;In marcia / fermata / arresto;Passeggero;F;Illeso;0;;Non accertato;Inesistente